aux;ENE;FEB;MAR;ABR;MAY;JUN;JUL;AGO;SEP;OCT;NOV;DIC;P;DS;Min;med
-17-76;7,12;6,92;6,39;5,34;3,99;3,19;3,11;3,51;4,57;5,65;6,69;7,14;5,30;1,57;3,11;5,50
-17-75;7,04;7,03;6,34;5,24;3,98;3,18;3,11;3,48;4,58;5,68;6,77;7,05;5,29;1,58;3,11;5,46
-17-74;6,89;6,96;6,35;5,27;4,08;3,31;3,30;3,65;4,60;5,66;6,64;6,87;5,30;1,46;3,30;5,47
-17-73;6,51;6,38;6,07;5,24;4,33;3,79;3,82;4,38;5,17;6,06;6,63;6,83;5,43;1,13;3,79;5,65
-17-72;6,57;6,32;6,12;5,53;4,89;4,49;4,64;5,19;6,00;6,73;7,08;7,04;5,88;0,92;4,49;6,06
-17-71;6,10;6,00;5,79;5,71;5,45;5,17;5,29;5,82;6,62;7,15;7,42;6,95;6,12;0,75;5,17;5,91
-17-70;6,00;6,06;5,73;5,72;5,60;5,28;5,43;5,86;6,59;6,99;7,18;6,68;6,09;0,62;5,28;5,93
-17-69;6,24;6,25;5,99;5,76;5,54;5,20;5,27;5,69;6,48;6,80;7,10;6,78;6,09;0,62;5,20;6,12
-17-68;5,31;5,47;5,30;5,01;4,95;4,65;4,71;5,01;5,55;5,78;6,04;5,78;5,30;0,44;4,65;5,31
-17-67;4,93;4,96;4,83;4,52;4,39;4,18;4,20;4,56;4,83;5,20;5,40;5,27;4,77;0,41;4,18;4,83
-17-66;4,55;4,57;4,39;4,10;3,73;3,61;3,81;4,30;4,64;4,84;4,92;4,67;4,34;0,44;3,61;4,47
-18-76;7,21;6,81;6,05;4,96;3,72;3,04;3,12;3,52;4,40;5,25;6,24;7,06;5,12;1,55;3,04;5,11
-18-75;7,07;6,77;6,05;4,92;3,66;3,00;3,01;3,40;4,39;5,26;6,38;7,12;5,09;1,58;3,00;5,09
-18-74;6,94;6,67;5,90;4,76;3,58;2,94;2,91;3,29;4,32;5,28;6,43;6,95;5,00;1,58;2,91;5,02
-18-73;6,86;6,82;6,01;4,60;3,50;2,84;2,81;3,22;4,25;5,22;6,21;6,71;4,92;1,59;2,81;4,91
-18-72;7,06;7,15;6,49;4,85;3,67;2,93;2,89;3,32;4,19;5,25;6,22;6,84;5,07;1,65;2,89;5,05
-18-71;6,85;6,68;6,29;5,39;4,63;4,01;4,21;4,78;5,53;6,50;6,99;7,13;5,75;1,13;4,01;5,91
-18-70;6,38;6,31;6,16;5,94;5,49;5,10;5,31;5,93;6,78;7,41;7,66;7,19;6,31;0,82;5,10;6,24
-18-69;6,29;6,34;6,05;5,96;5,72;5,31;5,51;5,99;6,76;7,26;7,49;7,02;6,31;0,69;5,31;6,17
-18-68;6,31;6,42;6,06;5,80;5,56;5,24;5,41;5,82;6,47;6,93;7,16;6,89;6,17;0,63;5,24;6,19
-18-67;5,87;5,99;5,76;5,44;5,25;4,93;5,08;5,41;5,92;6,41;6,67;6,38;5,76;0,55;4,93;5,82
-18-66;5,34;5,39;5,38;5,22;5,05;4,75;4,82;5,15;5,64;5,93;6,16;5,77;5,38;0,43;4,75;5,36
-19-76;7,28;6,83;5,92;4,62;3,48;3,00;3,16;3,59;4,37;5,07;5,79;6,69;4,98;1,51;3,00;4,85
-19-75;7,29;6,86;5,90;4,66;3,46;2,92;3,07;3,50;4,32;5,08;5,97;6,91;5,00;1,58;2,92;4,87
-19-74;7,26;6,83;5,95;4,66;3,45;2,87;2,99;3,40;4,28;5,14;6,20;7,09;5,01;1,63;2,87;4,90
-19-73;7,18;6,81;5,96;4,57;3,43;2,82;2,89;3,26;4,29;5,22;6,35;7,11;4,99;1,67;2,82;4,90
-19-72;7,20;6,98;6,12;4,50;3,40;2,79;2,83;3,17;4,28;5,27;6,37;6,98;4,99;1,71;2,79;4,89
-19-71;7,45;7,40;6,59;4,87;3,61;2,83;2,92;3,35;4,38;5,49;6,43;7,19;5,21;1,78;2,83;5,18
-19-70;7,19;6,97;6,65;5,69;4,79;4,07;4,35;4,88;5,87;6,86;7,41;7,55;6,02;1,25;4,07;6,26
-19-69;6,40;6,37;6,10;5,96;5,59;5,16;5,35;6,01;6,89;7,51;7,83;7,37;6,38;0,86;5,16;6,24
-19-68;6,49;6,61;6,09;5,77;5,44;5,09;5,27;5,77;6,57;7,13;7,45;7,11;6,23;0,78;5,09;6,29
-19-67;6,52;6,59;6,19;5,75;5,38;4,95;5,16;5,60;6,35;6,96;7,31;7,04;6,15;0,78;4,95;6,27
-19-66;5,87;6,04;5,73;5,64;5,41;5,03;5,30;5,73;6,30;6,60;6,80;6,39;5,90;0,54;5,03;5,80
-20-76;7,10;6,74;5,77;4,36;3,37;3,04;3,25;3,71;4,41;4,99;5,53;6,25;4,88;1,40;3,04;4,70
-20-75;7,26;6,81;5,80;4,37;3,33;2,95;3,16;3,60;4,34;5,00;5,62;6,51;4,90;1,50;2,95;4,69
-20-74;7,37;6,91;5,89;4,42;3,32;2,88;3,07;3,52;4,29;5,05;5,84;6,80;4,95;1,60;2,88;4,74
-20-73;7,37;6,96;5,98;4,48;3,37;2,80;2,96;3,41;4,31;5,15;6,10;7,08;5,00;1,68;2,80;4,82
-20-72;7,38;7,01;6,02;4,49;3,38;2,74;2,86;3,26;4,33;5,25;6,29;7,08;5,01;1,73;2,74;4,87
-20-71;7,70;7,48;6,55;4,78;3,53;2,77;2,95;3,28;4,46;5,52;6,48;7,27;5,23;1,85;2,77;5,15
-20-70;7,49;7,18;6,68;5,68;4,80;4,04;4,27;4,85;5,81;6,95;7,61;7,82;6,10;1,37;4,04;6,25
-20-69;6,94;6,76;6,46;6,26;5,61;5,12;5,34;6,11;7,19;7,92;8,45;8,03;6,68;1,08;5,12;6,61
-20-68;6,71;6,72;6,27;5,71;5,14;4,79;4,98;5,59;6,54;7,14;7,52;7,32;6,20;0,94;4,79;6,41
-20-67;6,58;6,58;6,03;5,63;5,18;4,79;5,02;5,56;6,47;7,07;7,39;7,02;6,11;0,87;4,79;6,25
-20-66;6,04;6,11;5,80;5,70;5,39;4,99;5,21;5,76;6,51;6,81;7,03;6,60;6,00;0,64;4,99;5,92
-21-76;6,76;6,57;5,55;4,21;3,38;3,13;3,38;3,89;4,61;5,13;5,49;6,03;4,84;1,27;3,13;4,87
-21-75;6,97;6,64;5,63;4,18;3,35;3,03;3,28;3,74;4,47;5,03;5,52;6,20;4,84;1,36;3,03;4,75
-21-74;7,18;6,77;5,69;4,16;3,29;2,93;3,16;3,60;4,36;5,02;5,57;6,45;4,85;1,48;2,93;4,69
-21-73;7,32;6,92;5,85;4,31;3,29;2,81;3,04;3,54;4,36;5,08;5,73;6,61;4,91;1,58;2,81;4,72
-21-72;7,39;7,02;5,90;4,40;3,27;2,69;2,91;3,39;4,36;5,26;6,05;6,88;4,96;1,69;2,69;4,83
-21-71;7,69;7,45;6,40;4,79;3,57;2,85;3,05;3,47;4,58;5,69;6,55;7,30;5,28;1,79;2,85;5,24
-21-70;7,70;7,37;6,70;5,61;4,67;4,04;4,22;4,77;5,84;7,00;7,74;8,03;6,14;1,47;4,04;6,27
-21-69;7,48;7,16;6,79;6,24;5,47;4,98;5,24;6,04;7,21;8,02;8,62;8,42;6,81;1,23;4,98;6,98
-21-68;6,85;6,65;6,29;5,67;5,02;4,67;4,73;5,38;6,60;7,22;7,76;7,53;6,20;1,08;4,67;6,45
-21-67;6,66;6,55;5,99;5,26;4,71;4,18;4,45;4,93;5,89;6,78;7,14;7,07;5,80;1,06;4,18;5,94
-21-66;6,59;6,53;6,15;5,87;5,34;4,90;5,20;5,83;6,72;7,25;7,46;7,14;6,25;0,84;4,90;6,34
-22-76;6,46;6,26;5,28;4,23;3,47;3,21;3,49;4,06;4,85;5,38;5,62;6,05;4,86;1,15;3,21;5,07
-22-75;6,56;6,39;5,35;4,14;3,39;3,12;3,40;3,93;4,68;5,22;5,52;6,03;4,81;1,21;3,12;4,95
-22-74;6,84;6,55;5,45;4,07;3,33;3,03;3,27;3,77;4,51;5,10;5,48;6,09;4,79;1,32;3,03;4,81
-22-73;7,11;6,74;5,64;4,10;3,25;2,85;3,11;3,66;4,44;5,06;5,56;6,34;4,82;1,47;2,85;4,75
-22-72;7,24;6,89;5,76;4,22;3,23;2,69;2,98;3,48;4,40;5,18;5,89;6,67;4,89;1,61;2,69;4,79
-22-71;7,73;7,39;6,32;4,74;3,60;2,86;3,14;3,65;4,72;5,80;6,56;7,26;5,31;1,75;2,86;5,27
-22-70;7,86;7,39;6,65;5,48;4,55;4,02;4,18;4,79;5,97;7,11;7,92;8,22;6,18;1,55;4,02;6,31
-22-69;7,93;7,42;6,81;6,08;5,29;4,79;5,04;5,85;7,09;7,98;8,65;8,61;6,80;1,37;4,79;6,95
-22-68;7,33;7,16;6,70;6,23;5,37;4,84;5,09;5,87;7,07;7,97;8,54;8,19;6,70;1,23;4,84;6,89
-22-67;7,08;7,02;6,56;6,14;5,46;4,94;5,19;5,86;7,05;7,80;8,11;7,72;6,58;1,06;4,94;6,79
-22-66;6,79;6,70;6,33;6,02;5,41;4,94;5,20;5,87;6,93;7,42;7,63;7,29;6,38;0,90;4,94;6,52
-23-76;6,27;6,03;5,11;4,23;3,55;3,28;3,53;4,18;5,04;5,59;5,84;6,14;4,90;1,10;3,28;5,08
-23-75;6,30;6,10;5,15;4,12;3,46;3,18;3,47;4,06;4,88;5,45;5,69;6,03;4,82;1,13;3,18;5,02
-23-74;6,52;6,24;5,22;4,06;3,37;3,06;3,35;3,90;4,70;5,25;5,60;5,99;4,77;1,21;3,06;4,96
-23-73;6,77;6,49;5,36;4,02;3,27;2,90;3,18;3,76;4,56;5,13;5,55;6,10;4,76;1,34;2,90;4,85
-23-72;7,07;6,73;5,57;4,14;3,20;2,74;3,01;3,59;4,44;5,11;5,75;6,43;4,82;1,51;2,74;4,78
-23-71;7,84;7,46;6,34;4,78;3,56;2,85;3,14;3,79;4,84;5,94;6,83;7,46;5,40;1,81;2,85;5,39
-23-70;8,09;7,57;6,74;5,54;4,61;4,03;4,25;4,90;6,12;7,34;8,08;8,33;6,30;1,60;4,03;6,43
-23-69;8,32;7,71;6,93;6,08;5,21;4,73;4,99;5,79;7,10;8,02;8,77;8,84;6,87;1,49;4,73;7,02
-23-68;7,82;7,48;6,97;6,28;5,27;4,76;4,95;5,82;7,15;8,20;8,85;8,70;6,85;1,43;4,76;7,06
-23-67;7,18;7,06;6,56;6,15;5,34;4,76;5,02;5,82;7,03;7,91;8,26;7,93;6,59;1,18;4,76;6,80
-23-66;6,98;6,82;6,37;5,95;5,22;4,81;5,04;5,71;6,80;7,30;7,58;7,43;6,33;0,97;4,81;6,59
-24-76;6,20;5,86;5,07;4,28;3,56;3,32;3,55;4,22;5,19;5,74;6,05;6,29;4,94;1,11;3,32;5,13
-24-75;6,16;5,91;5,02;4,19;3,49;3,21;3,50;4,15;5,04;5,64;5,93;6,13;4,86;1,11;3,21;5,03
-24-74;6,26;6,03;5,11;4,12;3,43;3,10;3,42;4,03;4,92;5,51;5,75;6,03;4,81;1,14;3,10;5,02
-24-73;6,53;6,26;5,21;4,05;3,33;2,97;3,26;3,86;4,66;5,29;5,61;6,04;4,76;1,24;2,97;4,94
-24-72;6,91;6,54;5,41;4,10;3,24;2,81;3,10;3,69;4,53;5,19;5,76;6,27;4,80;1,42;2,81;4,86
-24-71;7,76;7,28;6,10;4,61;3,53;2,92;3,21;3,88;4,88;5,88;6,82;7,41;5,36;1,75;2,92;5,38
-24-70;7,93;7,42;6,57;5,47;4,46;3,91;4,14;4,87;6,04;7,23;7,96;8,23;6,19;1,59;3,91;6,31
-24-69;8,42;7,77;6,98;6,11;5,09;4,63;4,86;5,74;7,06;8,03;8,85;8,96;6,88;1,57;4,63;7,02
-24-68;8,26;7,81;7,04;6,17;5,06;4,57;4,74;5,61;6,97;8,06;8,84;8,88;6,83;1,58;4,57;7,01
-24-67;7,65;7,35;6,75;6,06;5,06;4,48;4,68;5,55;6,91;7,91;8,49;8,26;6,60;1,41;4,48;6,83
-24-66;7,13;6,91;6,36;5,65;4,88;4,49;4,74;5,42;6,54;7,11;7,55;7,58;6,20;1,12;4,49;6,45
-25-76;6,29;5,81;5,10;4,31;3,61;3,32;3,55;4,22;5,28;5,91;6,24;6,47;5,01;1,16;3,32;5,19
-25-75;6,20;5,82;5,03;4,26;3,55;3,24;3,52;4,17;5,22;5,81;6,10;6,30;4,94;1,14;3,24;5,13
-25-74;6,15;5,83;5,06;4,20;3,50;3,13;3,44;4,11;5,10;5,67;5,91;6,18;4,86;1,13;3,13;5,08
-25-73;6,35;6,02;5,11;4,11;3,39;3,02;3,30;3,93;4,83;5,42;5,69;6,11;4,77;1,19;3,02;4,97
-25-72;6,81;6,36;5,31;4,11;3,27;2,87;3,16;3,74;4,61;5,22;5,78;6,32;4,80;1,37;2,87;4,92
-25-71;7,75;7,24;5,95;4,49;3,45;2,89;3,20;3,89;4,83;5,73;6,73;7,39;5,30;1,74;2,89;5,28
-25-70;8,05;7,53;6,59;5,50;4,41;3,84;4,12;4,90;6,04;7,24;8,09;8,38;6,22;1,65;3,84;6,32
-25-69;8,63;7,98;7,12;6,16;4,99;4,49;4,65;5,62;7,08;8,17;9,07;9,11;6,92;1,71;4,49;7,10
-25-68;8,32;7,79;7,10;6,12;4,85;4,28;4,44;5,40;6,85;8,11;8,92;8,95;6,76;1,71;4,28;6,98
-25-67;7,81;7,43;6,76;5,97;4,94;4,39;4,60;5,47;6,79;7,85;8,44;8,31;6,56;1,46;4,39;6,78
-25-66;6,67;6,40;6,09;5,44;4,60;4,27;4,47;5,24;6,45;6,97;7,30;7,18;5,92;1,09;4,27;6,25
-26-76;6,42;5,87;5,13;4,36;3,61;3,27;3,52;4,22;5,34;6,03;6,43;6,71;5,08;1,24;3,27;5,24
-26-75;6,31;5,87;5,12;4,33;3,57;3,26;3,52;4,20;5,31;5,97;6,34;6,57;5,03;1,21;3,26;5,22
-26-74;6,15;5,79;5,05;4,25;3,49;3,20;3,45;4,14;5,21;5,78;6,11;6,38;4,92;1,16;3,20;5,13
-26-73;6,16;5,82;5,00;4,10;3,39;3,08;3,29;3,97;4,97;5,52;5,79;6,18;4,77;1,16;3,08;4,99
-26-72;6,48;6,08;5,09;3,98;3,25;2,89;3,13;3,76;4,66;5,12;5,51;6,08;4,67;1,25;2,89;4,88
-26-71;7,24;6,70;5,44;4,17;3,31;2,81;3,12;3,77;4,68;5,39;6,21;6,80;4,97;1,55;2,81;5,04
-26-70;8,26;7,68;6,62;5,58;4,43;3,81;4,14;4,99;6,17;7,38;8,27;8,49;6,32;1,71;3,81;6,40
-26-69;8,86;8,20;7,41;6,22;4,83;4,33;4,41;5,48;7,06;8,28;9,31;9,39;6,98;1,89;4,33;7,24
-26-68;8,39;7,86;7,22;6,14;4,76;4,10;4,32;5,31;6,85;8,19;9,00;8,98;6,76;1,80;4,10;7,04
-26-67;7,73;7,25;6,77;5,85;4,78;4,23;4,41;5,36;6,77;7,70;8,29;8,11;6,44;1,47;4,23;6,77
-26-66;6,47;6,13;5,83;5,12;4,36;3,98;4,20;4,97;6,22;6,67;7,11;6,95;5,67;1,10;3,98;5,98
-27-76;6,55;5,99;5,22;4,42;3,59;3,26;3,47;4,22;5,38;6,11;6,61;6,86;5,14;1,31;3,26;5,30
-27-75;6,46;5,90;5,16;4,37;3,58;3,25;3,49;4,22;5,37;6,08;6,53;6,80;5,10;1,28;3,25;5,27
-27-74;6,27;5,80;5,07;4,29;3,50;3,21;3,43;4,16;5,28;5,90;6,31;6,59;4,98;1,23;3,21;5,18
-27-73;6,05;5,69;4,91;4,11;3,39;3,08;3,31;3,97;5,07;5,59;5,89;6,26;4,78;1,16;3,08;4,99
-27-72;6,07;5,72;4,81;3,90;3,22;2,89;3,11;3,77;4,70;5,10;5,41;5,91;4,55;1,14;2,89;4,76
-27-71;6,92;6,37;5,16;4,12;3,35;2,85;3,19;3,83;4,71;5,31;6,09;6,63;4,88;1,42;2,85;4,94
-27-70;8,32;7,78;6,65;5,56;4,40;3,85;4,15;5,05;6,33;7,51;8,35;8,62;6,38;1,75;3,85;6,49
-27-69;8,80;8,14;7,24;6,01;4,51;3,97;4,08;5,11;6,77;8,10;9,11;9,26;6,76;1,98;3,97;7,01
-27-68;8,25;7,65;7,00;5,90;4,50;3,82;4,04;5,04;6,56;7,84;8,72;8,68;6,50;1,81;3,82;6,78
-27-67;7,51;7,05;6,45;5,55;4,51;4,00;4,23;5,13;6,46;7,34;7,90;7,84;6,16;1,43;4,00;6,46
-27-66;6,30;5,90;5,66;4,99;4,12;3,76;3,98;4,80;5,94;6,41;6,70;6,60;5,43;1,06;3,76;5,78
-28-76;6,66;6,06;5,28;4,47;3,55;3,24;3,41;4,17;5,35;6,16;6,71;6,95;5,17;1,37;3,24;5,32
-28-75;6,60;5,99;5,22;4,45;3,56;3,23;3,44;4,19;5,40;6,18;6,68;6,95;5,16;1,35;3,23;5,31
-28-74;6,41;5,84;5,13;4,35;3,50;3,20;3,41;4,14;5,34;6,05;6,53;6,77;5,06;1,30;3,20;5,24
-28-73;6,08;5,67;4,96;4,20;3,38;3,10;3,29;3,97;5,17;5,74;6,13;6,44;4,84;1,21;3,10;5,07
-28-72;5,98;5,60;4,76;3,96;3,23;2,90;3,12;3,78;4,84;5,29;5,64;6,14;4,60;1,17;2,90;4,80
-28-71;6,78;6,28;5,10;4,22;3,35;2,85;3,19;3,91;4,87;5,56;6,25;6,69;4,92;1,41;2,85;4,99
-28-70;8,35;7,66;6,68;5,55;4,25;3,70;3,97;4,91;6,37;7,51;8,45;8,69;6,34;1,83;3,70;6,53
-28-69;8,72;7,99;7,08;5,79;4,17;3,57;3,65;4,76;6,30;7,71;8,84;9,06;6,47;2,06;3,57;6,69
-28-68;7,57;6,97;6,49;5,48;4,19;3,55;3,81;4,85;6,22;7,37;8,05;8,00;6,05;1,64;3,55;6,36
-28-67;6,92;6,40;5,80;5,05;4,12;3,69;3,95;4,91;6,08;6,78;7,27;7,25;5,69;1,31;3,69;5,94
-28-66;6,09;5,65;5,06;4,35;3,63;3,37;3,55;4,40;5,50;5,92;6,35;6,40;5,02;1,12;3,37;5,28
-29-76;6,85;6,15;5,36;4,47;3,48;3,16;3,33;4,10;5,30;6,26;6,86;7,10;5,20;1,46;3,16;5,33
-29-75;6,79;6,05;5,30;4,47;3,51;3,18;3,37;4,12;5,38;6,27;6,84;7,07;5,20;1,43;3,18;5,34
-29-74;6,65;5,97;5,21;4,45;3,50;3,16;3,35;4,12;5,38;6,20;6,76;7,04;5,15;1,41;3,16;5,30
-29-73;6,37;5,79;5,05;4,31;3,39;3,09;3,26;3,99;5,28;5,91;6,41;6,70;4,96;1,32;3,09;5,17
-29-72;6,43;5,93;5,02;4,16;3,32;2,95;3,17;3,88;5,06;5,62;6,13;6,61;4,86;1,32;2,95;5,04
-29-71;7,53;6,92;5,78;4,75;3,68;3,11;3,42;4,26;5,41;6,42;7,21;7,63;5,51;1,65;3,11;5,60
-29-70;8,68;7,93;6,81;5,46;4,05;3,53;3,63;4,74;6,28;7,52;8,61;8,97;6,35;2,03;3,53;6,55
-29-69;8,32;7,57;6,76;5,46;4,00;3,34;3,43;4,55;5,97;7,38;8,38;8,64;6,15;1,97;3,34;6,37
-29-68;7,18;6,61;5,99;5,15;4,06;3,49;3,78;4,80;6,15;7,06;7,66;7,58;5,79;1,50;3,49;6,07
-29-67;6,71;6,16;5,33;4,64;3,77;3,41;3,61;4,53;5,75;6,48;6,98;7,00;5,36;1,34;3,41;5,54
-29-66;6,44;5,85;5,14;4,29;3,53;3,20;3,42;4,28;5,43;6,06;6,67;6,82;5,09;1,32;3,20;5,29
-30-76;7,00;6,21;5,48;4,46;3,40;3,03;3,24;4,03;5,26;6,28;6,94;7,24;5,21;1,55;3,03;5,37
-30-75;6,97;6,13;5,41;4,47;3,43;3,09;3,28;4,07;5,34;6,33;6,98;7,22;5,23;1,53;3,09;5,38
-30-74;6,88;6,12;5,31;4,49;3,44;3,10;3,27;4,08;5,36;6,30;6,92;7,16;5,20;1,50;3,10;5,34
-30-73;6,66;5,96;5,15;4,37;3,37;3,02;3,21;3,99;5,28;6,12;6,66;6,97;5,06;1,44;3,02;5,22
-30-72;6,68;6,03;5,15;4,30;3,34;2,95;3,18;3,94;5,20;5,89;6,49;6,91;5,01;1,43;2,95;5,18
-30-71;7,72;7,07;5,84;4,82;3,65;3,11;3,40;4,27;5,40;6,52;7,37;7,86;5,59;1,73;3,11;5,62
-30-70;8,63;7,77;6,69;5,27;3,74;3,17;3,21;4,30;5,82;7,17;8,46;8,97;6,10;2,15;3,17;6,26
-30-69;7,62;6,96;6,24;5,03;3,74;3,09;3,31;4,33;5,61;7,00;7,86;8,04;5,74;1,81;3,09;5,93
-30-68;7,15;6,48;5,68;4,75;3,80;3,30;3,58;4,54;5,80;6,74;7,49;7,61;5,58;1,55;3,30;5,74
-30-67;6,70;6,08;5,18;4,38;3,52;3,14;3,43;4,35;5,50;6,37;6,93;7,09;5,22;1,43;3,14;5,34
-30-66;6,96;6,29;5,21;4,28;3,43;3,02;3,40;4,31;5,47;6,34;7,06;7,28;5,25;1,54;3,02;5,34
-31-76;7,26;6,37;5,64;4,40;3,34;2,94;3,15;3,97;5,21;6,34;7,09;7,46;5,26;1,67;2,94;5,43
-31-75;7,19;6,31;5,59;4,45;3,37;2,98;3,17;3,99;5,27;6,38;7,14;7,45;5,27;1,65;2,98;5,43
-31-74;7,15;6,24;5,46;4,50;3,37;3,00;3,19;4,01;5,30;6,37;7,11;7,40;5,26;1,62;3,00;5,38
-31-73;6,93;6,09;5,25;4,41;3,32;2,96;3,15;3,94;5,27;6,26;6,83;7,23;5,14;1,56;2,96;5,26
-31-72;6,94;6,15;5,16;4,27;3,26;2,86;3,06;3,86;5,14;6,08;6,71;7,14;5,05;1,57;2,86;5,15
-31-71;8,16;7,30;6,06;4,87;3,57;3,04;3,24;4,12;5,39;6,76;7,78;8,31;5,72;1,95;3,04;5,73
-31-70;8,46;7,62;6,58;5,01;3,44;2,78;2,83;3,81;5,11;6,76;8,06;8,77;5,77;2,22;2,78;5,85
-31-69;7,65;6,95;6,13;4,84;3,59;3,01;3,20;4,16;5,48;6,80;7,76;7,99;5,63;1,84;3,01;5,81
-31-68;7,14;6,42;5,48;4,42;3,50;3,07;3,31;4,23;5,42;6,48;7,22;7,45;5,35;1,61;3,07;5,45
-31-67;7,20;6,39;5,25;4,27;3,38;2,97;3,30;4,26;5,44;6,48;7,21;7,41;5,30;1,64;2,97;5,35
-31-66;7,31;6,44;5,21;4,18;3,30;2,86;3,27;4,24;5,45;6,46;7,22;7,53;5,29;1,70;2,86;5,33
-32-76;7,39;6,49;5,62;4,32;3,25;2,83;3,03;3,85;5,11;6,36;7,16;7,53;5,25;1,76;2,83;5,37
-32-75;7,42;6,47;5,65;4,39;3,26;2,84;3,06;3,90;5,19;6,42;7,22;7,57;5,28;1,76;2,84;5,42
-32-74;7,39;6,41;5,59;4,43;3,25;2,87;3,09;3,91;5,24;6,44;7,27;7,59;5,29;1,75;2,87;5,42
-32-73;7,20;6,24;5,40;4,41;3,24;2,84;3,06;3,86;5,23;6,37;7,06;7,44;5,20;1,69;2,84;5,32
-32-72;7,09;6,14;5,25;4,32;3,20;2,78;2,99;3,82;5,18;6,25;6,86;7,35;5,10;1,66;2,78;5,22
-32-71;8,31;7,41;6,09;4,78;3,40;2,91;3,02;3,89;5,19;6,59;7,76;8,51;5,66;2,08;2,91;5,64
-32-70;8,47;7,56;6,36;4,73;3,16;2,38;2,44;3,32;4,42;6,28;7,75;8,51;5,45;2,33;2,38;5,51
-32-69;7,69;6,93;6,03;4,70;3,47;2,91;3,13;4,06;5,36;6,80;7,70;7,98;5,56;1,88;2,91;5,70
-32-68;7,23;6,53;5,55;4,42;3,40;2,94;3,16;4,11;5,37;6,56;7,37;7,58;5,35;1,71;2,94;5,46
-32-67;7,29;6,53;5,40;4,30;3,32;2,88;3,17;4,11;5,32;6,45;7,23;7,51;5,29;1,71;2,88;5,36
-32-66;7,54;6,68;5,36;4,18;3,22;2,80;3,16;4,14;5,41;6,54;7,38;7,76;5,35;1,82;2,80;5,39
-33-76;7,48;6,60;5,56;4,23;3,13;2,67;2,90;3,74;4,98;6,30;7,18;7,60;5,20;1,84;2,67;5,27
-33-75;7,58;6,64;5,64;4,33;3,14;2,71;2,94;3,78;5,08;6,42;7,29;7,69;5,27;1,87;2,71;5,36
-33-74;7,64;6,65;5,66;4,36;3,12;2,71;2,96;3,80;5,15;6,49;7,37;7,82;5,31;1,90;2,71;5,41
-33-73;7,52;6,49;5,53;4,40;3,11;2,72;2,93;3,79;5,15;6,45;7,34;7,76;5,27;1,86;2,72;5,34
-33-72;7,43;6,33;5,39;4,33;3,06;2,64;2,88;3,71;5,12;6,33;7,19;7,67;5,17;1,84;2,64;5,26
-33-71;8,30;7,37;5,98;4,57;3,19;2,69;2,88;3,72;4,97;6,39;7,70;8,47;5,52;2,14;2,69;5,48
-33-70;8,38;7,51;6,23;4,51;2,95;2,26;2,35;3,16;4,34;6,07;7,46;8,43;5,30;2,33;2,26;5,29
-33-69;7,40;6,59;5,60;4,26;3,06;2,44;2,68;3,53;4,60;6,12;7,12;7,52;5,08;1,89;2,44;5,10
-33-68;7,26;6,55;5,28;4,21;3,21;2,71;3,00;3,95;5,16;6,42;7,33;7,54;5,22;1,79;2,71;5,22
-33-67;7,47;6,73;5,38;4,20;3,18;2,73;3,02;3,97;5,28;6,49;7,39;7,70;5,30;1,85;2,73;5,33
-33-66;7,53;6,65;5,29;4,10;3,07;2,67;3,03;3,98;5,26;6,42;7,26;7,72;5,25;1,86;2,67;5,28
-34-76;7,55;6,62;5,49;4,16;3,01;2,52;2,78;3,61;4,88;6,17;7,11;7,55;5,12;1,89;2,52;5,19
-34-75;7,71;6,79;5,63;4,28;3,03;2,54;2,82;3,66;4,99;6,41;7,33;7,84;5,25;1,97;2,54;5,31
-34-74;7,86;6,88;5,69;4,32;3,01;2,56;2,82;3,68;5,09;6,48;7,50;8,02;5,33;2,03;2,56;5,39
-34-73;7,88;6,83;5,65;4,33;2,96;2,55;2,81;3,67;5,11;6,46;7,56;8,12;5,33;2,05;2,55;5,38
-34-72;7,84;6,69;5,53;4,25;2,90;2,46;2,73;3,60;5,01;6,36;7,50;8,08;5,25;2,06;2,46;5,27
-34-71;8,49;7,50;6,01;4,39;2,98;2,47;2,70;3,52;4,82;6,34;7,79;8,58;5,47;2,29;2,47;5,42
-34-70;8,14;7,41;6,05;4,16;2,67;2,04;2,11;2,88;4,01;5,54;7,17;8,18;5,03;2,35;2,04;4,85
-34-69;7,52;6,68;5,40;3,93;2,79;2,07;2,41;3,14;4,03;5,77;6,92;7,35;4,83;2,01;2,07;4,72
-34-68;7,59;6,85;5,29;4,15;3,09;2,60;2,90;3,85;5,11;6,46;7,50;7,85;5,27;1,95;2,60;5,20
-34-67;7,65;6,91;5,26;4,15;3,08;2,61;2,91;3,87;5,17;6,43;7,43;7,91;5,28;1,95;2,61;5,22
-34-66;7,31;6,58;5,11;4,02;3,00;2,56;2,85;3,75;4,98;6,12;7,05;7,53;5,07;1,83;2,56;5,05
-35-76;7,61;6,62;5,48;4,05;2,87;2,39;2,65;3,50;4,78;6,07;7,07;7,52;5,05;1,94;2,39;5,13
-35-75;7,86;6,85;5,63;4,17;2,89;2,41;2,69;3,56;4,90;6,28;7,34;7,89;5,21;2,05;2,41;5,27
-35-74;8,10;7,05;5,76;4,25;2,89;2,42;2,71;3,56;4,99;6,43;7,56;8,18;5,33;2,15;2,42;5,38
-35-73;8,22;7,06;5,73;4,26;2,83;2,40;2,69;3,56;5,05;6,47;7,76;8,39;5,37;2,22;2,40;5,39
-35-72;8,16;6,97;5,56;4,10;2,73;2,25;2,56;3,37;4,82;6,20;7,63;8,39;5,23;2,25;2,25;5,19
-35-71;8,74;7,66;6,03;4,24;2,78;2,22;2,50;3,34;4,70;6,19;7,82;8,76;5,42;2,45;2,22;5,37
-35-70;8,38;7,47;5,96;3,96;2,48;1,84;1,94;2,66;3,78;5,30;6,92;8,04;4,89;2,43;1,84;4,63
-35-69;7,80;6,90;5,57;3,97;2,79;2,06;2,41;3,16;4,25;5,98;7,23;7,71;4,99;2,14;2,06;4,91
-35-68;7,76;6,93;5,38;4,06;2,96;2,47;2,77;3,69;4,98;6,36;7,46;7,90;5,23;2,03;2,47;5,18
-35-67;7,75;6,96;5,25;4,02;2,95;2,46;2,75;3,68;5,00;6,29;7,39;7,92;5,20;2,03;2,46;5,13
-35-66;7,44;6,76;5,01;3,88;2,88;2,39;2,69;3,58;4,81;5,97;7,09;7,62;5,01;1,93;2,39;4,91
-36-76;7,64;6,65;5,39;3,92;2,72;2,23;2,51;3,38;4,69;6,02;7,08;7,57;4,98;2,02;2,23;5,04
-36-75;7,99;6,90;5,60;4,03;2,76;2,25;2,55;3,41;4,79;6,14;7,32;7,89;5,14;2,13;2,25;5,20
-36-74;8,30;7,15;5,76;4,13;2,76;2,26;2,56;3,43;4,89;6,33;7,58;8,26;5,28;2,25;2,26;5,33
-36-73;8,39;7,17;5,70;4,10;2,67;2,20;2,51;3,37;4,88;6,38;7,78;8,46;5,30;2,34;2,20;5,29
-36-72;8,34;7,23;5,65;3,94;2,53;2,01;2,29;3,12;4,58;6,04;7,59;8,39;5,14;2,39;2,01;5,12
-36-71;8,66;7,66;6,02;4,02;2,50;1,91;2,10;2,95;4,35;5,77;7,53;8,58;5,17;2,54;1,91;5,06
-36-70;8,21;7,28;5,86;3,92;2,48;1,66;1,80;2,46;3,50;5,41;7,08;8,00;4,81;2,47;1,66;4,67
-36-69;7,92;7,04;5,68;4,06;2,82;2,20;2,46;3,30;4,68;6,18;7,41;7,91;5,14;2,16;2,20;5,18
-36-68;7,80;6,93;5,47;3,94;2,82;2,35;2,62;3,52;4,80;6,13;7,31;7,80;5,12;2,06;2,35;5,14
-36-67;7,79;6,99;5,31;3,90;2,79;2,28;2,58;3,51;4,78;6,11;7,34;7,89;5,11;2,10;2,28;5,05
-36-66;7,65;6,85;5,13;3,82;2,75;2,24;2,55;3,45;4,68;5,95;7,22;7,74;5,00;2,05;2,24;4,91
-37-76;7,54;6,58;5,22;3,77;2,55;2,10;2,36;3,22;4,54;5,93;6,96;7,48;4,85;2,04;2,10;4,88
-37-75;7,91;6,87;5,46;3,87;2,59;2,11;2,38;3,26;4,66;6,04;7,17;7,80;5,01;2,16;2,11;5,06
-37-74;8,34;7,15;5,66;3,96;2,60;2,10;2,43;3,29;4,80;6,20;7,54;8,24;5,19;2,32;2,10;5,23
-37-73;8,37;7,18;5,61;3,84;2,45;1,98;2,29;3,12;4,64;6,06;7,62;8,41;5,13;2,41;1,98;5,13
-37-72;8,46;7,36;5,70;3,83;2,44;1,90;2,18;3,03;4,46;5,94;7,54;8,41;5,10;2,46;1,90;5,08
-37-71;8,61;7,59;5,95;3,90;2,39;1,74;1,82;2,59;3,91;5,41;7,32;8,44;4,97;2,59;1,74;4,66
-37-70;8,28;7,35;5,83;3,87;2,45;1,62;1,75;2,50;3,57;5,50;7,18;8,12;4,84;2,51;1,62;4,69
-37-69;7,98;7,06;5,64;3,93;2,67;2,08;2,34;3,22;4,60;6,00;7,30;7,90;5,06;2,21;2,08;5,12
-37-68;7,78;6,92;5,43;3,85;2,65;2,13;2,44;3,34;4,63;5,91;7,24;7,71;5,00;2,12;2,13;5,03
-37-67;7,78;6,92;5,31;3,81;2,61;2,11;2,42;3,35;4,62;5,97;7,31;7,78;5,00;2,14;2,11;4,97
-37-66;7,76;6,93;5,21;3,76;2,61;2,10;2,41;3,32;4,59;5,91;7,31;7,81;4,98;2,15;2,10;4,90
-38-76;7,39;6,45;5,05;3,57;2,39;1,95;2,23;3,05;4,38;5,81;6,83;7,36;4,71;2,05;1,95;4,72
-38-75;7,70;6,72;5,27;3,68;2,43;1,95;2,22;3,10;4,48;5,89;7,01;7,63;4,84;2,15;1,95;4,88
-38-74;8,00;6,93;5,36;3,66;2,37;1,88;2,17;3,05;4,52;5,87;7,14;7,96;4,91;2,28;1,88;4,94
-38-73;8,07;6,98;5,31;3,57;2,26;1,74;2,05;2,83;4,23;5,58;7,04;7,96;4,80;2,34;1,74;4,77
-38-72;8,42;7,33;5,57;3,68;2,32;1,77;2,07;2,90;4,28;5,71;7,29;8,23;4,96;2,46;1,77;4,93
-38-71;8,51;7,47;5,71;3,73;2,37;1,66;1,80;2,56;3,79;5,56;7,29;8,31;4,90;2,57;1,66;4,68
-38-70;8,20;7,24;5,66;3,77;2,49;1,82;2,07;2,87;4,27;6,00;7,49;8,20;5,01;2,43;1,82;4,97
-38-69;8,02;7,10;5,49;3,78;2,55;2,04;2,33;3,22;4,58;5,99;7,33;7,96;5,03;2,25;2,04;5,04
-38-68;7,93;7,00;5,38;3,74;2,49;2,02;2,32;3,21;4,54;5,88;7,23;7,86;4,97;2,22;2,02;4,96
-38-67;7,79;6,90;5,28;3,71;2,49;1,99;2,27;3,20;4,50;5,85;7,27;7,78;4,92;2,19;1,99;4,89
-38-66;7,80;6,89;5,22;3,68;2,51;1,98;2,28;3,21;4,48;5,86;7,33;7,77;4,92;2,20;1,98;4,85
-39-76;7,21;6,30;4,90;3,41;2,25;1,83;2,09;2,89;4,19;5,67;6,66;7,19;4,55;2,04;1,83;4,55
-39-75;7,53;6,60;5,09;3,51;2,28;1,82;2,10;2,94;4,32;5,76;6,81;7,46;4,69;2,14;1,82;4,71
-39-74;7,80;6,81;5,17;3,46;2,22;1,75;2,03;2,90;4,31;5,74;6,90;7,75;4,74;2,26;1,75;4,74
-39-73;7,73;6,76;5,09;3,37;2,14;1,65;1,93;2,73;4,08;5,35;6,65;7,56;4,59;2,24;1,65;4,59
-39-72;7,90;6,97;5,13;3,37;2,15;1,62;1,89;2,67;3,99;5,29;6,63;7,59;4,60;2,30;1,62;4,56
-39-71;8,12;7,12;5,28;3,47;2,21;1,54;1,76;2,47;3,65;5,29;6,85;7,78;4,63;2,43;1,54;4,47
-39-70;8,11;7,06;5,36;3,57;2,33;1,74;2,02;2,82;4,16;5,81;7,33;8,04;4,86;2,40;1,74;4,76
-39-69;7,94;6,92;5,26;3,59;2,35;1,86;2,18;3,03;4,42;5,89;7,31;7,96;4,89;2,30;1,86;4,84
-39-68;7,91;6,85;5,20;3,58;2,34;1,88;2,18;3,05;4,39;5,81;7,23;7,83;4,85;2,26;1,88;4,80
-39-67;7,98;6,94;5,25;3,64;2,38;1,88;2,18;3,07;4,39;5,87;7,33;7,92;4,90;2,29;1,88;4,82
-39-66;7,94;6,92;5,21;3,64;2,43;1,89;2,20;3,10;4,40;5,89;7,37;7,90;4,91;2,28;1,89;4,81
-40-76;6,97;6,14;4,74;3,27;2,12;1,73;1,97;2,75;4,01;5,47;6,47;7,02;4,39;2,01;1,73;4,38
-40-75;7,27;6,42;4,89;3,33;2,15;1,72;1,99;2,78;4,09;5,59;6,62;7,28;4,51;2,11;1,72;4,49
-40-74;7,68;6,73;5,08;3,37;2,15;1,69;1,98;2,82;4,18;5,68;6,83;7,62;4,65;2,25;1,69;4,63
-40-73;7,32;6,48;4,81;3,11;1,97;1,50;1,75;2,53;3,84;5,17;6,43;7,19;4,34;2,18;1,50;4,33
-40-72;7,33;6,55;4,73;3,08;1,96;1,45;1,71;2,42;3,64;4,89;6,19;7,00;4,25;2,16;1,45;4,19
-40-71;7,78;6,88;4,94;3,29;2,08;1,46;1,72;2,42;3,68;5,31;6,70;7,48;4,48;2,34;1,46;4,31
-40-70;7,99;6,96;5,15;3,46;2,25;1,65;1,94;2,77;4,16;5,81;7,23;7,91;4,77;2,38;1,65;4,66
-40-69;7,87;6,80;5,09;3,48;2,28;1,76;2,07;2,91;4,33;5,84;7,21;7,89;4,79;2,31;1,76;4,71
-40-68;7,73;6,77;5,08;3,51;2,28;1,78;2,07;2,93;4,32;5,83;7,26;7,86;4,79;2,28;1,78;4,70
-40-67;7,84;6,84;5,13;3,56;2,30;1,78;2,11;2,98;4,31;5,81;7,26;7,87;4,82;2,29;1,78;4,72
-40-66;7,85;6,83;5,14;3,53;2,30;1,78;2,10;2,97;4,31;5,79;7,27;7,88;4,81;2,30;1,78;4,73
-41-76;6,66;5,98;4,51;3,08;2,01;1,62;1,85;2,63;3,86;5,30;6,28;6,77;4,21;1,96;1,62;4,19
-41-75;6,97;6,20;4,67;3,15;2,03;1,61;1,87;2,65;3,93;5,40;6,40;7,04;4,33;2,06;1,61;4,30
-41-74;7,10;6,30;4,72;3,08;1,97;1,54;1,80;2,58;3,84;5,29;6,38;7,19;4,32;2,12;1,54;4,28
-41-73;6,80;6,06;4,47;2,86;1,83;1,38;1,63;2,33;3,55;4,85;5,90;6,78;4,04;2,04;1,38;4,01
-41-72;6,86;6,07;4,37;2,86;1,82;1,34;1,60;2,25;3,39;4,59;5,76;6,51;3,95;2,01;1,34;3,88
-41-71;7,63;6,71;4,71;3,17;2,01;1,42;1,72;2,47;3,71;5,36;6,74;7,37;4,42;2,31;1,42;4,21
-41-70;8,11;6,97;5,09;3,45;2,21;1,65;1,92;2,80;4,29;5,93;7,39;8,08;4,82;2,44;1,65;4,69
-41-69;8,07;6,97;5,12;3,51;2,25;1,69;1,95;2,87;4,29;5,91;7,34;8,10;4,84;2,41;1,69;4,71
-41-68;7,94;6,86;5,06;3,47;2,24;1,71;1,97;2,87;4,24;5,76;7,22;7,94;4,77;2,35;1,71;4,65
-41-67;7,82;6,80;5,05;3,47;2,23;1,73;2,01;2,86;4,23;5,71;7,15;7,84;4,74;2,30;1,73;4,64
-41-66;7,77;6,72;5,05;3,46;2,25;1,74;2,05;2,87;4,23;5,72;7,12;7,76;4,73;2,27;1,74;4,64
-42-76;6,44;5,79;4,29;2,93;1,91;1,51;1,75;2,51;3,71;5,19;6,09;6,55;4,06;1,92;1,51;4,00
-42-75;6,63;5,97;4,41;2,99;1,91;1,52;1,75;2,52;3,73;5,21;6,17;6,74;4,13;1,98;1,52;4,07
-42-74;6,65;6,02;4,43;2,91;1,83;1,45;1,66;2,42;3,60;5,03;6,11;6,74;4,07;2,02;1,45;4,02
-42-73;6,37;5,81;4,26;2,75;1,75;1,33;1,56;2,24;3,37;4,62;5,65;6,33;3,84;1,92;1,33;3,82
-42-72;6,59;5,92;4,28;2,76;1,77;1,26;1,51;2,15;3,26;4,47;5,60;6,33;3,83;1,97;1,26;3,77
-42-71;7,48;6,58;4,64;3,09;1,94;1,34;1,59;2,36;3,60;5,28;6,70;7,39;4,33;2,32;1,34;4,12
-42-70;7,95;6,86;4,98;3,33;2,11;1,54;1,76;2,66;4,12;5,80;7,32;7,96;4,70;2,44;1,54;4,55
-42-69;7,97;6,82;5,00;3,38;2,14;1,58;1,78;2,72;4,11;5,73;7,27;7,99;4,71;2,42;1,58;4,56
-42-68;7,91;6,74;4,99;3,37;2,15;1,55;1,78;2,72;4,11;5,67;7,15;7,86;4,67;2,38;1,55;4,55
-42-67;7,76;6,64;4,90;3,35;2,14;1,58;1,80;2,73;4,10;5,61;7,05;7,72;4,62;2,32;1,58;4,50
-42-66;7,57;6,51;4,86;3,34;2,13;1,63;1,89;2,74;4,06;5,49;6,88;7,54;4,55;2,23;1,63;4,46
-43-76;6,24;5,57;4,09;2,80;1,79;1,42;1,64;2,37;3,57;5,06;5,91;6,34;3,90;1,88;1,42;3,83
-43-75;6,34;5,75;4,19;2,84;1,79;1,43;1,64;2,40;3,58;5,07;5,96;6,45;3,95;1,92;1,43;3,89
-43-74;6,13;5,59;4,08;2,67;1,67;1,30;1,50;2,20;3,30;4,59;5,53;6,10;3,72;1,85;1,30;3,69
-43-73;6,09;5,69;4,05;2,63;1,67;1,31;1,51;2,16;3,22;4,50;5,49;6,09;3,70;1,85;1,31;3,64
-43-72;6,11;5,62;4,02;2,62;1,65;1,17;1,39;1,99;3,04;4,26;5,23;5,86;3,58;1,84;1,17;3,53
-43-71;7,17;6,33;4,46;2,95;1,88;1,29;1,55;2,27;3,48;5,13;6,53;7,06;4,18;2,23;1,29;3,97
-43-70;7,66;6,58;4,84;3,18;2,03;1,53;1,75;2,58;4,02;5,62;7,08;7,67;4,55;2,35;1,53;4,43
-43-69;7,70;6,61;4,86;3,21;2,02;1,49;1,67;2,51;3,94;5,52;7,04;7,67;4,52;2,36;1,49;4,40
-43-68;7,60;6,50;4,77;3,18;2,00;1,44;1,63;2,51;3,85;5,42;6,89;7,59;4,45;2,33;1,44;4,31
-43-67;7,37;6,32;4,69;3,19;2,00;1,51;1,74;2,57;3,85;5,34;6,75;7,36;4,39;2,22;1,51;4,27
-43-66;7,33;6,29;4,69;3,20;2,01;1,56;1,80;2,62;3,94;5,37;6,79;7,39;4,42;2,20;1,56;4,32
-44-76;6,03;5,39;3,93;2,66;1,69;1,35;1,55;2,26;3,41;4,94;5,77;6,15;3,76;1,85;1,35;3,67
-44-75;6,07;5,51;4,02;2,68;1,67;1,35;1,53;2,25;3,43;4,94;5,79;6,21;3,79;1,88;1,35;3,73
-44-74;5,95;5,55;4,06;2,64;1,64;1,29;1,49;2,19;3,33;4,68;5,59;6,05;3,71;1,84;1,29;3,70
-44-73;5,54;5,26;3,85;2,44;1,54;1,21;1,39;2,00;3,12;4,29;5,16;5,60;3,45;1,71;1,21;3,49
-44-72;5,74;5,41;3,82;2,49;1,55;1,10;1,29;1,89;2,87;4,12;4,95;5,47;3,39;1,74;1,10;3,35
-44-71;6,94;6,15;4,31;2,83;1,77;1,22;1,43;2,19;3,43;5,03;6,41;6,91;4,05;2,19;1,22;3,87
-44-70;7,35;6,42;4,60;3,00;1,88;1,37;1,57;2,40;3,79;5,42;6,87;7,47;4,35;2,32;1,37;4,20
-44-69;7,24;6,28;4,61;3,00;1,87;1,40;1,59;2,42;3,76;5,33;6,76;7,39;4,30;2,27;1,40;4,19
-44-68;7,16;6,16;4,53;2,99;1,88;1,45;1,62;2,44;3,76;5,21;6,61;7,20;4,25;2,19;1,45;4,15
-44-67;7,15;6,17;4,55;3,04;1,90;1,46;1,67;2,50;3,85;5,27;6,64;7,26;4,29;2,19;1,46;4,20
-44-66;7,21;6,23;4,64;3,11;1,92;1,49;1,72;2,56;3,94;5,40;6,82;7,40;4,37;2,22;1,49;4,29
-45-76;5,82;5,28;3,78;2,51;1,60;1,28;1,46;2,17;3,26;4,81;5,60;5,98;3,63;1,81;1,28;3,52
-45-75;5,75;5,32;3,81;2,50;1,58;1,27;1,44;2,15;3,27;4,76;5,56;5,88;3,61;1,80;1,27;3,54
-45-74;5,48;5,23;3,72;2,39;1,50;1,19;1,37;2,03;3,14;4,45;5,15;5,56;3,43;1,71;1,19;3,43
-45-73;4,80;4,68;3,37;2,13;1,37;1,07;1,21;1,78;2,75;3,78;4,45;4,83;3,02;1,48;1,07;3,06
-45-72;5,31;5,04;3,52;2,29;1,44;0,96;1,14;1,71;2,61;3,90;4,69;5,11;3,14;1,65;0,96;3,07
-45-71;6,71;5,93;4,19;2,70;1,66;1,08;1,25;2,00;3,26;4,98;6,31;6,85;3,91;2,20;1,08;3,73
-45-70;7,24;6,26;4,51;2,92;1,79;1,28;1,47;2,29;3,74;5,35;6,79;7,45;4,26;2,32;1,28;4,13
-45-69;7,10;6,17;4,48;2,90;1,79;1,26;1,47;2,35;3,65;5,25;6,58;7,23;4,19;2,25;1,26;4,07
-45-68;7,04;6,07;4,44;2,89;1,78;1,32;1,53;2,37;3,68;5,13;6,52;7,09;4,16;2,19;1,32;4,06
-45-67;7,06;6,10;4,49;2,95;1,79;1,37;1,56;2,43;3,74;5,21;6,57;7,15;4,20;2,19;1,37;4,12
-45-66;7,08;6,10;4,53;3,00;1,81;1,40;1,60;2,46;3,82;5,27;6,69;7,25;4,25;2,21;1,40;4,18
-46-76;5,51;5,07;3,60;2,34;1,50;1,18;1,35;2,08;3,15;4,60;5,38;5,72;3,46;1,75;1,18;3,38
-46-75;5,51;5,07;3,60;2,34;1,50;1,18;1,35;2,08;3,15;4,60;5,38;5,72;3,46;1,75;1,18;3,38
-46-74;4,46;4,40;3,11;1,97;1,28;0,97;1,12;1,68;2,63;3,64;4,16;4,49;2,83;1,39;0,97;2,87
-46-73;4,46;4,40;3,11;1,97;1,28;0,97;1,12;1,68;2,63;3,64;4,16;4,49;2,83;1,39;0,97;2,87
-46-72;6,08;5,54;3,88;2,49;1,50;0,99;1,19;1,91;3,07;4,64;5,72;6,22;3,60;2,00;0,99;3,48
-46-71;6,08;5,54;3,88;2,49;1,50;0,99;1,19;1,91;3,07;4,64;5,72;6,22;3,60;2,00;0,99;3,48
-46-70;7,02;6,08;4,43;2,82;1,71;1,22;1,43;2,30;3,67;5,27;6,60;7,27;4,15;2,26;1,22;4,05
-46-69;7,02;6,08;4,43;2,82;1,71;1,22;1,43;2,30;3,67;5,27;6,60;7,27;4,15;2,26;1,22;4,05
-46-68;6,74;5,88;4,28;2,76;1,70;1,27;1,46;2,29;3,54;5,07;6,36;6,94;4,02;2,14;1,27;3,91
-46-67;6,74;5,88;4,28;2,76;1,70;1,27;1,46;2,29;3,54;5,07;6,36;6,94;4,02;2,14;1,27;3,91
-46-66;7,60;6,46;4,76;3,09;1,82;1,37;1,58;2,47;3,94;5,62;7,22;7,84;4,48;2,44;1,37;4,35
-47-76;4,98;4,60;3,28;2,11;1,37;1,04;1,22;1,89;2,92;4,19;4,94;5,22;3,15;1,60;1,04;3,10
-47-75;4,98;4,60;3,28;2,11;1,37;1,04;1,22;1,89;2,92;4,19;4,94;5,22;3,15;1,60;1,04;3,10
-47-74;4,35;4,21;2,98;1,90;1,21;0,88;1,01;1,54;2,39;3,40;3,98;4,28;2,68;1,35;0,88;2,69
-47-73;4,35;4,21;2,98;1,90;1,21;0,88;1,01;1,54;2,39;3,40;3,98;4,28;2,68;1,35;0,88;2,69
-47-72;6,26;5,64;3,92;2,45;1,42;0,93;1,11;1,79;2,97;4,59;5,90;6,42;3,62;2,10;0,93;3,45
-47-71;6,26;5,64;3,92;2,45;1,42;0,93;1,11;1,79;2,97;4,59;5,90;6,42;3,62;2,10;0,93;3,45
-47-70;7,02;6,09;4,39;2,76;1,61;1,14;1,32;2,26;3,60;5,26;6,63;7,24;4,11;2,30;1,14;4,00
-47-69;7,02;6,09;4,39;2,76;1,61;1,14;1,32;2,26;3,60;5,26;6,63;7,24;4,11;2,30;1,14;4,00
-47-68;6,84;5,96;4,33;2,78;1,65;1,22;1,43;2,27;3,57;5,11;6,41;6,97;4,05;2,18;1,22;3,95
-47-67;6,84;5,96;4,33;2,78;1,65;1,22;1,43;2,27;3,57;5,11;6,41;6,97;4,05;2,18;1,22;3,95
-47-66;7,53;6,34;4,63;2,97;1,73;1,29;1,51;2,39;3,85;5,56;7,12;7,76;4,39;2,43;1,29;4,24
-48-76;4,95;4,49;3,32;2,06;1,32;1,01;1,18;1,87;2,96;4,19;4,98;5,20;3,13;1,61;1,01;3,14
-48-75;4,95;4,49;3,32;2,06;1,32;1,01;1,18;1,87;2,96;4,19;4,98;5,20;3,13;1,61;1,01;3,14
-48-74;4,34;4,18;2,98;1,87;1,18;0,85;0,95;1,51;2,40;3,38;4,09;4,37;2,68;1,39;0,85;2,69
-48-73;4,34;4,18;2,98;1,87;1,18;0,85;0,95;1,51;2,40;3,38;4,09;4,37;2,68;1,39;0,85;2,69
-48-72;6,14;5,47;3,76;2,32;1,34;0,84;0,98;1,66;2,83;4,45;5,66;6,18;3,47;2,07;0,84;3,30
-48-71;6,14;5,47;3,76;2,32;1,34;0,84;0,98;1,66;2,83;4,45;5,66;6,18;3,47;2,07;0,84;3,30
-48-70;6,67;5,83;4,20;2,60;1,49;1,00;1,15;2,06;3,42;5,05;6,30;6,86;3,89;2,22;1,00;3,81
-48-69;6,67;5,83;4,20;2,60;1,49;1,00;1,15;2,06;3,42;5,05;6,30;6,86;3,89;2,22;1,00;3,81
-48-68;6,51;5,70;4,12;2,61;1,52;1,09;1,30;2,14;3,44;4,96;6,10;6,64;3,84;2,11;1,09;3,78
-48-67;6,51;5,70;4,12;2,61;1,52;1,09;1,30;2,14;3,44;4,96;6,10;6,64;3,84;2,11;1,09;3,78
-48-66;6,99;5,89;4,25;2,70;1,58;1,17;1,39;2,23;3,60;5,20;6,54;7,10;4,05;2,25;1,17;3,93
-49-76;4,55;4,11;3,03;1,84;1,20;0,88;1,03;1,69;2,70;3,87;4,56;4,82;2,86;1,50;0,88;2,87
-49-75;4,55;4,11;3,03;1,84;1,20;0,88;1,03;1,69;2,70;3,87;4,56;4,82;2,86;1,50;0,88;2,87
-49-74;3,87;3,82;2,64;1,67;1,09;0,78;0,88;1,39;2,27;3,16;3,70;3,94;2,43;1,25;0,78;2,46
-49-73;3,87;3,82;2,64;1,67;1,09;0,78;0,88;1,39;2,27;3,16;3,70;3,94;2,43;1,25;0,78;2,46
-49-72;5,67;5,05;3,50;2,15;1,25;0,78;0,89;1,52;2,66;4,21;5,41;5,82;3,24;1,94;0,78;3,08
-49-71;5,67;5,05;3,50;2,15;1,25;0,78;0,89;1,52;2,66;4,21;5,41;5,82;3,24;1,94;0,78;3,08
-49-70;6,31;5,52;3,99;2,42;1,40;0,92;1,03;1,89;3,27;4,83;6,00;6,42;3,67;2,12;0,92;3,63
-49-69;6,31;5,52;3,99;2,42;1,40;0,92;1,03;1,89;3,27;4,83;6,00;6,42;3,67;2,12;0,92;3,63
-49-68;6,02;5,29;3,86;2,38;1,42;1,00;1,17;1,98;3,22;4,71;5,75;6,21;3,58;1,98;1,00;3,54
-49-67;6,02;5,29;3,86;2,38;1,42;1,00;1,17;1,98;3,22;4,71;5,75;6,21;3,58;1,98;1,00;3,54
-49-66;6,93;5,86;4,22;2,63;1,50;1,06;1,29;2,14;3,59;5,24;6,61;7,24;4,03;2,31;1,06;3,91
-50-76;4,25;3,82;2,80;1,70;1,09;0,81;0,92;1,55;2,52;3,66;4,31;4,58;2,67;1,43;0,81;2,66
-50-75;4,25;3,82;2,80;1,70;1,09;0,81;0,92;1,55;2,52;3,66;4,31;4,58;2,67;1,43;0,81;2,66
-50-74;3,95;3,61;2,55;1,60;0,99;0,67;0,74;1,25;2,09;3,06;3,71;4,03;2,35;1,30;0,67;2,32
-50-73;3,95;3,61;2,55;1,60;0,99;0,67;0,74;1,25;2,09;3,06;3,71;4,03;2,35;1,30;0,67;2,32
-50-72;5,97;5,16;3,66;2,19;1,23;0,74;0,85;1,54;2,83;4,44;5,83;6,19;3,39;2,09;0,74;3,25
-50-71;5,97;5,16;3,66;2,19;1,23;0,74;0,85;1,54;2,83;4,44;5,83;6,19;3,39;2,09;0,74;3,25
-50-70;6,09;5,34;3,88;2,33;1,34;0,88;1,01;1,87;3,21;4,79;5,93;6,23;3,58;2,07;0,88;3,55
-50-69;6,09;5,34;3,88;2,33;1,34;0,88;1,01;1,87;3,21;4,79;5,93;6,23;3,58;2,07;0,88;3,55
-50-68;6,25;5,39;3,90;2,38;1,38;0,97;1,13;2,00;3,29;4,87;5,95;6,40;3,66;2,07;0,97;3,60
-50-67;6,25;5,39;3,90;2,38;1,38;0,97;1,13;2,00;3,29;4,87;5,95;6,40;3,66;2,07;0,97;3,60
-50-66;6,99;5,85;4,13;2,52;1,41;0,99;1,19;2,09;3,54;5,24;6,64;7,27;3,99;2,36;0,99;3,84
-51-76;4,13;3,66;2,68;1,60;1,03;0,74;0,85;1,44;2,44;3,58;4,28;4,52;2,58;1,42;0,74;2,56
-51-75;4,13;3,66;2,68;1,60;1,03;0,74;0,85;1,44;2,44;3,58;4,28;4,52;2,58;1,42;0,74;2,56
-51-74;3,91;3,53;2,50;1,56;0,95;0,64;0,70;1,22;2,10;3,15;3,81;4,07;2,35;1,32;0,64;2,30
-51-73;3,91;3,53;2,50;1,56;0,95;0,64;0,70;1,22;2,10;3,15;3,81;4,07;2,35;1,32;0,64;2,30
-51-72;5,78;4,98;3,49;2,05;1,12;0,69;0,77;1,43;2,72;4,42;5,74;6,07;3,27;2,07;0,69;3,11
-51-71;5,78;4,98;3,49;2,05;1,12;0,69;0,77;1,43;2,72;4,42;5,74;6,07;3,27;2,07;0,69;3,11
-51-70;5,75;5,00;3,66;2,18;1,25;0,82;0,93;1,69;3,04;4,62;5,70;5,93;3,38;1,98;0,82;3,35
-51-69;5,75;5,00;3,66;2,18;1,25;0,82;0,93;1,69;3,04;4,62;5,70;5,93;3,38;1,98;0,82;3,35
-51-68;6,48;5,50;3,96;2,34;1,30;0,92;1,09;1,97;3,39;5,05;6,25;6,73;3,75;2,21;0,92;3,68
-51-67;6,48;5,50;3,96;2,34;1,30;0,92;1,09;1,97;3,39;5,05;6,25;6,73;3,75;2,21;0,92;3,68
-51-66;6,94;5,72;4,05;2,38;1,30;0,90;1,08;1,95;3,45;5,16;6,60;7,26;3,90;2,39;0,90;3,75
-52-76;4,40;3,78;2,76;1,62;1,00;0,71;0,84;1,44;2,47;3,72;4,61;4,84;2,68;1,55;0,71;2,62
-52-75;4,40;3,78;2,76;1,62;1,00;0,71;0,84;1,44;2,47;3,72;4,61;4,84;2,68;1,55;0,71;2,62
-52-74;3,86;3,40;2,40;1,47;0,88;0,58;0,66;1,18;2,08;3,19;3,81;4,07;2,30;1,33;0,58;2,24
-52-73;3,86;3,40;2,40;1,47;0,88;0,58;0,66;1,18;2,08;3,19;3,81;4,07;2,30;1,33;0,58;2,24
-52-72;5,45;4,60;3,23;1,93;1,06;0,66;0,77;1,46;2,67;4,23;5,38;5,76;3,10;1,93;0,66;2,95
-52-71;5,45;4,60;3,23;1,93;1,06;0,66;0,77;1,46;2,67;4,23;5,38;5,76;3,10;1,93;0,66;2,95
-52-70;5,54;4,71;3,44;2,06;1,15;0,76;0,89;1,66;2,97;4,47;5,51;5,75;3,24;1,92;0,76;3,21
-52-69;5,54;4,71;3,44;2,06;1,15;0,76;0,89;1,66;2,97;4,47;5,51;5,75;3,24;1,92;0,76;3,21
-52-68;6,30;5,34;3,74;2,19;1,20;0,86;1,02;1,85;3,29;4,95;6,08;6,57;3,62;2,18;0,86;3,52
-52-67;6,30;5,34;3,74;2,19;1,20;0,86;1,02;1,85;3,29;4,95;6,08;6,57;3,62;2,18;0,86;3,52
-52-66;6,79;5,63;3,90;2,23;1,20;0,83;1,00;1,84;3,36;5,06;6,53;7,18;3,80;2,39;0,83;3,63
-53-76;4,52;3,82;2,72;1,58;0,95;0,64;0,77;1,36;2,42;3,69;4,69;5,04;2,68;1,63;0,64;2,57
-53-75;4,52;3,82;2,72;1,58;0,95;0,64;0,77;1,36;2,42;3,69;4,69;5,04;2,68;1,63;0,64;2,57
-53-74;3,74;3,23;2,32;1,40;0,84;0,58;0,67;1,17;2,07;3,13;3,75;4,02;2,24;1,30;0,58;2,20
-53-73;3,74;3,23;2,32;1,40;0,84;0,58;0,67;1,17;2,07;3,13;3,75;4,02;2,24;1,30;0,58;2,20
-53-72;4,87;4,10;2,87;1,71;0,95;0,63;0,72;1,34;2,46;3,88;4,82;5,23;2,80;1,73;0,63;2,67
-53-71;4,87;4,10;2,87;1,71;0,95;0,63;0,72;1,34;2,46;3,88;4,82;5,23;2,80;1,73;0,63;2,67
-53-70;5,29;4,46;3,20;1,89;1,04;0,69;0,78;1,53;2,81;4,32;5,33;5,68;3,09;1,89;0,69;3,01
-53-69;5,29;4,46;3,20;1,89;1,04;0,69;0,78;1,53;2,81;4,32;5,33;5,68;3,09;1,89;0,69;3,01
-53-68;6,19;5,14;3,59;2,08;1,11;0,76;0,94;1,72;3,14;4,80;5,96;6,59;3,50;2,18;0,76;3,37
-53-67;6,19;5,14;3,59;2,08;1,11;0,76;0,94;1,72;3,14;4,80;5,96;6,59;3,50;2,18;0,76;3,37
-53-66;6,63;5,45;3,75;2,09;1,11;0,73;0,92;1,73;3,20;4,90;6,39;7,02;3,66;2,36;0,73;3,48
-54-76;4,72;3,92;2,69;1,57;0,90;0,58;0,70;1,30;2,37;3,64;4,69;5,18;2,69;1,70;0,58;2,53
-54-75;4,72;3,92;2,69;1,57;0,90;0,58;0,70;1,30;2,37;3,64;4,69;5,18;2,69;1,70;0,58;2,53
-54-74;3,69;3,19;2,24;1,32;0,77;0,54;0,57;1,06;1,96;2,95;3,72;4,08;2,17;1,32;0,54;2,10
-54-73;3,69;3,19;2,24;1,32;0,77;0,54;0,57;1,06;1,96;2,95;3,72;4,08;2,17;1,32;0,54;2,10
-54-72;4,35;3,71;2,53;1,52;0,86;0,56;0,66;1,22;2,14;3,46;4,24;4,65;2,49;1,54;0,56;2,34
-54-71;4,35;3,71;2,53;1,52;0,86;0,56;0,66;1,22;2,14;3,46;4,24;4,65;2,49;1,54;0,56;2,34
-54-70;5,27;4,37;3,06;1,77;0,94;0,64;0,74;1,43;2,65;4,14;5,23;5,67;2,99;1,89;0,64;2,86
-54-69;5,27;4,37;3,06;1,77;0,94;0,64;0,74;1,43;2,65;4,14;5,23;5,67;2,99;1,89;0,64;2,86
-54-68;6,02;4,93;3,45;1,95;1,04;0,66;0,84;1,58;2,93;4,54;5,72;6,30;3,33;2,12;0,66;3,19
-54-67;6,02;4,93;3,45;1,95;1,04;0,66;0,84;1,58;2,93;4,54;5,72;6,30;3,33;2,12;0,66;3,19
-54-66;6,46;5,25;3,60;1,96;1,02;0,61;0,83;1,61;3,02;4,71;6,17;6,76;3,50;2,31;0,61;3,31
-55-76;4,98;4,03;2,71;1,51;0,84;0,49;0,62;1,24;2,31;3,61;4,76;5,42;2,71;1,80;0,49;2,51
-55-75;4,98;4,03;2,71;1,51;0,84;0,49;0,62;1,24;2,31;3,61;4,76;5,42;2,71;1,80;0,49;2,51
-55-74;4,42;3,70;2,57;1,45;0,81;0,49;0,61;1,18;2,25;3,38;4,52;4,97;2,53;1,64;0,49;2,41
-55-73;4,42;3,70;2,57;1,45;0,81;0,49;0,61;1,18;2,25;3,38;4,52;4,97;2,53;1,64;0,49;2,41
-55-72;4,01;3,34;2,31;1,35;0,76;0,51;0,58;1,06;1,99;3,03;3,95;4,33;2,27;1,43;0,51;2,15
-55-71;4,01;3,34;2,31;1,35;0,76;0,51;0,58;1,06;1,99;3,03;3,95;4,33;2,27;1,43;0,51;2,15
-55-70;4,35;3,63;2,48;1,39;0,78;0,52;0,60;1,12;2,02;3,28;4,05;4,64;2,41;1,54;0,52;2,25
-55-69;4,35;3,63;2,48;1,39;0,78;0,52;0,60;1,12;2,02;3,28;4,05;4,64;2,41;1,54;0,52;2,25
-55-68;5,05;4,13;2,85;1,57;0,82;0,51;0,62;1,21;2,32;3,73;4,81;5,31;2,74;1,81;0,51;2,59
-55-67;5,05;4,13;2,85;1,57;0,82;0,51;0,62;1,21;2,32;3,73;4,81;5,31;2,74;1,81;0,51;2,59
-55-66;5,88;4,72;3,29;1,77;0,91;0,54;0,71;1,40;2,70;4,15;5,49;6,05;3,13;2,08;0,54;3,00
-56-76;5,13;4,03;2,68;1,45;0,76;0,42;0,55;1,16;2,24;3,55;4,81;5,46;2,69;1,86;0,42;2,46
-56-75;5,13;4,03;2,68;1,45;0,76;0,42;0,55;1,16;2,24;3,55;4,81;5,46;2,69;1,86;0,42;2,46
-56-74;5,03;3,89;2,64;1,43;0,75;0,43;0,55;1,13;2,22;3,46;4,72;5,32;2,63;1,81;0,43;2,43
-56-73;5,03;3,89;2,64;1,43;0,75;0,43;0,55;1,13;2,22;3,46;4,72;5,32;2,63;1,81;0,43;2,43
-56-72;4,70;3,70;2,55;1,42;0,74;0,36;0,51;1,08;2,18;3,39;4,53;5,09;2,52;1,73;0,36;2,37
-56-71;4,70;3,70;2,55;1,42;0,74;0,36;0,51;1,08;2,18;3,39;4,53;5,09;2,52;1,73;0,36;2,37
-56-70;4,16;3,34;2,42;1,33;0,68;0,39;0,50;0,99;1,95;3,08;3,96;4,45;2,27;1,50;0,39;2,19
-56-69;4,16;3,34;2,42;1,33;0,68;0,39;0,50;0,99;1,95;3,08;3,96;4,45;2,27;1,50;0,39;2,19
-56-68;4,85;3,85;2,75;1,47;0,76;0,40;0,56;1,12;2,17;3,52;4,65;5,17;2,61;1,77;0,40;2,46
-56-67;4,85;3,85;2,75;1,47;0,76;0,40;0,56;1,12;2,17;3,52;4,65;5,17;2,61;1,77;0,40;2,46
-56-66;5,27;4,17;2,92;1,54;0,77;0,41;0,58;1,20;2,36;3,75;5,07;5,64;2,81;1,94;0,41;2,64
-57-76;5,21;4,00;2,64;1,40;0,68;0,34;0,48;1,09;2,14;3,49;4,84;5,52;2,65;1,91;0,34;2,39
-57-75;5,21;4,00;2,64;1,40;0,68;0,34;0,48;1,09;2,14;3,49;4,84;5,52;2,65;1,91;0,34;2,39
-57-74;5,17;3,95;2,61;1,40;0,68;0,35;0,48;1,07;2,15;3,44;4,81;5,44;2,63;1,89;0,35;2,38
-57-73;5,17;3,95;2,61;1,40;0,68;0,35;0,48;1,07;2,15;3,44;4,81;5,44;2,63;1,89;0,35;2,38
-57-72;5,09;3,93;2,61;1,38;0,66;0,34;0,48;1,06;2,16;3,44;4,73;5,36;2,60;1,86;0,34;2,39
-57-71;5,09;3,93;2,61;1,38;0,66;0,34;0,48;1,06;2,16;3,44;4,73;5,36;2,60;1,86;0,34;2,39
-57-70;4,99;3,91;2,63;1,35;0,68;0,33;0,47;1,04;2,14;3,46;4,78;5,31;2,59;1,85;0,33;2,39
-57-69;4,99;3,91;2,63;1,35;0,68;0,33;0,47;1,04;2,14;3,46;4,78;5,31;2,59;1,85;0,33;2,39
-57-68;5,08;3,93;2,66;1,36;0,66;0,34;0,47;1,08;2,16;3,44;4,80;5,36;2,61;1,87;0,34;2,41
-57-67;5,08;3,93;2,66;1,36;0,66;0,34;0,47;1,08;2,16;3,44;4,80;5,36;2,61;1,87;0,34;2,41
-57-66;5,38;4,16;2,80;1,42;0,69;0,32;0,48;1,11;2,22;3,59;4,98;5,62;2,73;1,97;0,32;2,51
